# ************************************************************
# Sequel Ace SQL dump
# 版本号： 20095
#
# https://sequel-ace.com/
# https://github.com/Sequel-Ace/Sequel-Ace
#
# 主机: localhost (MySQL 9.3.0)
# 数据库: coin_dgai
# 生成时间: 2025-12-03 16:06:53 +0000
# ************************************************************


/*!40101 SET @OLD_CHARACTER_SET_CLIENT=@@CHARACTER_SET_CLIENT */;
/*!40101 SET @OLD_CHARACTER_SET_RESULTS=@@CHARACTER_SET_RESULTS */;
/*!40101 SET @OLD_COLLATION_CONNECTION=@@COLLATION_CONNECTION */;
SET NAMES utf8mb4;
/*!40014 SET @OLD_FOREIGN_KEY_CHECKS=@@FOREIGN_KEY_CHECKS, FOREIGN_KEY_CHECKS=0 */;
/*!40101 SET @OLD_SQL_MODE='NO_AUTO_VALUE_ON_ZERO', SQL_MODE='NO_AUTO_VALUE_ON_ZERO' */;
/*!40111 SET @OLD_SQL_NOTES=@@SQL_NOTES, SQL_NOTES=0 */;


# 转储表 kyc_applications
# ------------------------------------------------------------

DROP TABLE IF EXISTS `kyc_applications`;

CREATE TABLE `kyc_applications` (
  `id` bigint unsigned NOT NULL AUTO_INCREMENT COMMENT 'KYC申请记录ID，主键',
  `user_id` bigint unsigned NOT NULL COMMENT '申请用户ID，外键关联users表',
  `submission_id` varchar(64) COLLATE utf8mb4_bin NOT NULL COMMENT '提交唯一标识，系统生成的KYC申请编号，唯一索引',
  `full_name` varchar(100) COLLATE utf8mb4_bin NOT NULL COMMENT '申请人真实姓名，与身份证件姓名一致',
  `id_number` varchar(50) COLLATE utf8mb4_bin NOT NULL COMMENT '身份证号码，用于身份验证的核心信息',
  `id_card_front_url` varchar(500) COLLATE utf8mb4_bin NOT NULL COMMENT '身份证正面照片URL，上传到云存储的访问地址',
  `id_card_back_url` varchar(500) COLLATE utf8mb4_bin NOT NULL COMMENT '身份证背面照片URL，上传到云存储的访问地址',
  `selfie_url` varchar(500) COLLATE utf8mb4_bin DEFAULT NULL COMMENT '手持身份证自拍照片URL，用于活体检测，null表示未提供',
  `status` enum('submitted','pending_review','approved','rejected') COLLATE utf8mb4_bin NOT NULL DEFAULT 'submitted' COMMENT 'KYC状态：submitted已提交/pending_review审核中/approved已通过/rejected已拒绝',
  `rejection_reason` text COLLATE utf8mb4_bin COMMENT '拒绝原因，KYC申请被拒绝时的详细说明，如"照片模糊""信息不符"等',
  `reviewer_id` bigint unsigned DEFAULT NULL COMMENT '审核人员ID，外键关联管理员表，null表示未指定审核人',
  `kyc_level` enum('level_1','level_2','level_3') COLLATE utf8mb4_bin DEFAULT NULL COMMENT 'KYC等级：level_1基础认证/level_2高级认证/level_3企业认证，null表示未确定等级',
  `confidence_score` decimal(5,4) DEFAULT NULL COMMENT 'AI识别置信度分数，0.0000-1.0000，表示身份证识别的可信度，null表示未进行AI识别',
  `submitted_at` timestamp NOT NULL DEFAULT CURRENT_TIMESTAMP COMMENT '申请提交时间，用户提交KYC材料的时间',
  `reviewed_at` timestamp NULL DEFAULT NULL COMMENT '审核完成时间，null表示未审核完成',
  `updated_at` timestamp NOT NULL DEFAULT CURRENT_TIMESTAMP ON UPDATE CURRENT_TIMESTAMP COMMENT '申请记录最后更新时间，自动更新时间戳',
  PRIMARY KEY (`id`),
  UNIQUE KEY `submission_id` (`submission_id`),
  UNIQUE KEY `idx_submission_id` (`submission_id`),
  UNIQUE KEY `idx_user_id` (`user_id`),
  KEY `idx_status` (`status`),
  KEY `idx_kyc_level` (`kyc_level`),
  KEY `idx_submitted_at` (`submitted_at`)
) ENGINE=InnoDB DEFAULT CHARSET=utf8mb4 COLLATE=utf8mb4_bin COMMENT='KYC申请表，记录用户身份认证申请的详细信息和审核状态';



# 转储表 orders
# ------------------------------------------------------------

DROP TABLE IF EXISTS `orders`;

CREATE TABLE `orders` (
  `id` bigint unsigned NOT NULL AUTO_INCREMENT COMMENT '订单记录ID，主键',
  `order_id` varchar(64) COLLATE utf8mb4_bin NOT NULL COMMENT '订单唯一标识，系统生成的订单ID，用于API查询和验证',
  `user_id` bigint unsigned NOT NULL COMMENT '下单用户ID，外键关联users表',
  `power_package_id` bigint unsigned NOT NULL COMMENT '算力包产品ID，外键关联power_packages表',
  `quantity` int unsigned NOT NULL DEFAULT '1' COMMENT '购买数量，默认为1份，支持批量购买',
  `amount` decimal(20,8) NOT NULL COMMENT '订单总金额，8位小数精度，amount = quantity × 算力包单价',
  `asset_pay` decimal(20,8) unsigned NOT NULL,
  `coin_pay` decimal(20,8) unsigned NOT NULL,
  `blockchain_type` varchar(50) CHARACTER SET utf8mb4 COLLATE utf8mb4_bin NOT NULL COMMENT '区块链网络类型，如TRC20、ERC20、BEP20等，用于区分不同网络支付',
  `blockchain_address` varchar(255) CHARACTER SET utf8mb4 COLLATE utf8mb4_bin NOT NULL COMMENT '支付接收地址，用户需要向此地址转账支付订单',
  `transaction_hash` varchar(128) COLLATE utf8mb4_bin DEFAULT NULL COMMENT '区块链交易哈希，用于验证支付完成状态，支付成功后填写',
  `status` tinyint(1) NOT NULL COMMENT '0 pending待支付/1 paid已支付/2 cancelled已取消/3 已升级',
  `created_at` timestamp NOT NULL DEFAULT CURRENT_TIMESTAMP COMMENT '订单创建时间，自动创建时间戳',
  `updated_at` timestamp NOT NULL DEFAULT CURRENT_TIMESTAMP ON UPDATE CURRENT_TIMESTAMP COMMENT '订单最后更新时间，自动更新时间戳',
  PRIMARY KEY (`id`),
  UNIQUE KEY `order_id` (`order_id`),
  UNIQUE KEY `idx_order_id` (`order_id`),
  KEY `idx_user_id` (`user_id`),
  KEY `idx_power_package_id` (`power_package_id`),
  KEY `idx_status` (`status`),
  KEY `idx_created_at` (`created_at`)
) ENGINE=InnoDB DEFAULT CHARSET=utf8mb4 COLLATE=utf8mb4_bin COMMENT='订单表，记录用户购买算力包的订单信息，包括支付状态和订单生命周期管理';

LOCK TABLES `orders` WRITE;
/*!40000 ALTER TABLE `orders` DISABLE KEYS */;

INSERT INTO `orders` (`id`, `order_id`, `user_id`, `power_package_id`, `quantity`, `amount`, `asset_pay`, `coin_pay`, `blockchain_type`, `blockchain_address`, `transaction_hash`, `status`, `created_at`, `updated_at`)
VALUES
	(1,X'4F323032353131333037343030373333383833323430363831343733',3,1,1,1000.00000000,0.00000000,1000.00000000,X'5452433230',X'54525837343264333543633636333443303533323932356133623834344263343534653434333866333365',NULL,1,'2025-11-30 11:14:16','2025-11-30 11:29:14'),
	(2,X'4F323032353131333037343030373338303036353839363430373034',3,1,1,1000.00000000,500.00000000,500.00000000,X'5452433230',X'54525837343264333543633636333443303533323932356133623834344263343534653434333866333365',NULL,1,'2025-11-30 11:30:39','2025-11-30 11:31:49'),
	(3,X'4F323032353131333037343030373936373532353130353836383831',3,1,1,1000.00000000,1000.00000000,0.00000000,X'5452433230',X'54525837343264333543633636333443303533323932356133623834344263343534653434333866333365',NULL,1,'2025-11-30 15:24:05','2025-11-30 15:24:05'),
	(4,X'4F323032353131333037343030373937353430363337303835363937',3,1,1,1000.00000000,1000.00000000,0.00000000,X'5452433230',X'54525837343264333543633636333443303533323932356133623834344263343534653434333866333365',NULL,1,'2025-11-30 15:27:13','2025-11-30 15:27:13'),
	(5,X'4F323032353131333037343030373938363934333630303932363733',3,1,1,1000.00000000,510.00000000,490.00000000,X'5452433230',X'54525837343264333543633636333443303533323932356133623834344263343534653434333866333365',NULL,1,'2025-11-30 15:31:48','2025-11-30 15:39:07'),
	(6,X'4F323032353131333037343030383036373334353531343533363937',3,1,1,1000.00000000,0.00000000,1000.00000000,X'5452433230',X'54525837343264333543633636333443303533323932356133623834344263343534653434333866333365',NULL,1,'2025-11-30 16:03:45','2025-11-30 16:15:31'),
	(7,X'4F323032353131333037343030383733333435363331323630363733',3,1,1,1000.00000000,0.00000000,1000.00000000,X'5452433230',X'54525837343264333543633636333443303533323932356133623834344263343534653434333866333365',NULL,1,'2025-11-30 20:28:27','2025-11-30 20:28:34');

/*!40000 ALTER TABLE `orders` ENABLE KEYS */;
UNLOCK TABLES;


# 转储表 password_reset_tokens
# ------------------------------------------------------------

DROP TABLE IF EXISTS `password_reset_tokens`;

CREATE TABLE `password_reset_tokens` (
  `id` int unsigned NOT NULL AUTO_INCREMENT,
  `username` varchar(50) COLLATE utf8mb4_bin NOT NULL,
  `token_hash` varchar(500) COLLATE utf8mb4_bin NOT NULL,
  `expires_at` datetime NOT NULL,
  `ip_address` varchar(20) CHARACTER SET utf8mb4 COLLATE utf8mb4_bin NOT NULL,
  `is_used` tinyint(1) NOT NULL DEFAULT '0',
  PRIMARY KEY (`id`)
) ENGINE=InnoDB DEFAULT CHARSET=utf8mb4 COLLATE=utf8mb4_bin;

LOCK TABLES `password_reset_tokens` WRITE;
/*!40000 ALTER TABLE `password_reset_tokens` DISABLE KEYS */;

INSERT INTO `password_reset_tokens` (`id`, `username`, `token_hash`, `expires_at`, `ip_address`, `is_used`)
VALUES
	(2,X'33',X'243262243132246951376244707834696142442F4E665638735373464F6A33614A4759473479792F6E3634335430596D6676696D4654615253536961','2025-11-27 20:59:12',X'3132372E302E302E31',0),
	(3,X'74657374',X'243262243132246637542E4774303664696E6C47747979576B63596D7531305474625343482E6F546F485631674C4C616A79664D43476A5A4C673843','2025-11-27 21:04:46',X'3132372E302E302E31',1);

/*!40000 ALTER TABLE `password_reset_tokens` ENABLE KEYS */;
UNLOCK TABLES;


# 转储表 power_packages
# ------------------------------------------------------------

DROP TABLE IF EXISTS `power_packages`;

CREATE TABLE `power_packages` (
  `id` bigint unsigned NOT NULL AUTO_INCREMENT COMMENT '算力包配置ID，主键',
  `title` json NOT NULL COMMENT '算力包名称，如"基础算力包"、"高级算力包"等',
  `lv` smallint unsigned NOT NULL DEFAULT '0' COMMENT '购买所需的最低用户等级，0-5对应LV.0-LV.5',
  `daily_yield_percentage` decimal(10,4) NOT NULL COMMENT '收益率百分比，表示每日收益的百分比，如0.5表示日收益率0.5%',
  `amount` decimal(20,8) NOT NULL COMMENT '算力包价格，8位小数精度，用户需要支付的费用',
  `description` json NOT NULL COMMENT '算力包详细描述，包含服务内容和收益说明，帮助用户了解产品',
  `status` tinyint(1) NOT NULL COMMENT '算力包状态，true=在售，false=停售',
  `sort_order` int unsigned NOT NULL DEFAULT '0' COMMENT '排序字段，用于前端显示顺序',
  `is_upgrade` tinyint(1) NOT NULL DEFAULT '0' COMMENT '0 不可升级， 1 可升级',
  `created_at` timestamp NOT NULL DEFAULT CURRENT_TIMESTAMP COMMENT '算力包创建时间，自动创建时间戳',
  `updated_at` timestamp NOT NULL DEFAULT CURRENT_TIMESTAMP ON UPDATE CURRENT_TIMESTAMP COMMENT '算力包最后更新时间，自动更新时间戳',
  PRIMARY KEY (`id`),
  KEY `idx_sort_order` (`sort_order`)
) ENGINE=InnoDB DEFAULT CHARSET=utf8mb4 COLLATE=utf8mb4_bin COMMENT='算力包配置表，定义可购买的算力产品规格和价格';

LOCK TABLES `power_packages` WRITE;
/*!40000 ALTER TABLE `power_packages` DISABLE KEYS */;

INSERT INTO `power_packages` (`id`, `title`, `lv`, `daily_yield_percentage`, `amount`, `description`, `status`, `sort_order`, `is_upgrade`, `created_at`, `updated_at`)
VALUES
	(1,'{\"zh\": \"挖矿算力V1\"}',0,1.0000,1000.00000000,'{}',1,0,1,'2025-11-27 22:33:52','2025-11-30 20:28:59'),
	(2,'{\"zh\": \"挖矿算力V2\"}',1,1500.0000,1500.00000000,'{}',1,0,1,'2025-11-29 17:58:16','2025-11-30 20:29:02');

/*!40000 ALTER TABLE `power_packages` ENABLE KEYS */;
UNLOCK TABLES;


# 转储表 security_questions
# ------------------------------------------------------------

DROP TABLE IF EXISTS `security_questions`;

CREATE TABLE `security_questions` (
  `id` int unsigned NOT NULL AUTO_INCREMENT,
  `question` varchar(500) CHARACTER SET utf8mb4 COLLATE utf8mb4_bin NOT NULL,
  `is_active` tinyint(1) NOT NULL,
  `sort_order` smallint NOT NULL,
  PRIMARY KEY (`id`)
) ENGINE=InnoDB DEFAULT CHARSET=utf8mb4 COLLATE=utf8mb4_bin;

LOCK TABLES `security_questions` WRITE;
/*!40000 ALTER TABLE `security_questions` DISABLE KEYS */;

INSERT INTO `security_questions` (`id`, `question`, `is_active`, `sort_order`)
VALUES
	(1,X'E4BDA0E79A84E5AEA0E789A9E58FABE4BB80E4B988E5908DE5AD97EFBC9F',1,1),
	(2,X'E4BDA0E79A84E587BAE7949FE59F8EE5B882E698AFE593AAE9878CEFBC9F',1,2),
	(3,X'E4BDA0E79A84E6AF8DE4BAB2E5A793E5908DE698AFEFBC9F',1,3),
	(4,X'E4BDA0E69C80E5969CE6ACA2E79A84E9A29CE889B2E698AFEFBC9F',1,4),
	(5,X'E4BDA0E79A84E7ACACE4B880E68980E5ADA6E6A0A1E5908DE7A7B0E698AFEFBC9F',1,5);

/*!40000 ALTER TABLE `security_questions` ENABLE KEYS */;
UNLOCK TABLES;


# 转储表 system_configs
# ------------------------------------------------------------

DROP TABLE IF EXISTS `system_configs`;

CREATE TABLE `system_configs` (
  `id` bigint unsigned NOT NULL AUTO_INCREMENT COMMENT '系统配置记录ID，主键',
  `config_key` varchar(200) CHARACTER SET utf8mb4 COLLATE utf8mb4_bin NOT NULL COMMENT '配置键名，系统配置的唯一标识符，如"max_login_attempts"',
  `config_value` text COLLATE utf8mb4_bin NOT NULL COMMENT '配置值，具体的配置参数值，根据config_type进行类型解析',
  `description` text COLLATE utf8mb4_bin COMMENT '配置描述，详细说明该配置的用途和含义，null表示无说明',
  `created_at` timestamp NOT NULL DEFAULT CURRENT_TIMESTAMP COMMENT '配置创建时间，自动创建时间戳',
  `updated_at` timestamp NOT NULL DEFAULT CURRENT_TIMESTAMP ON UPDATE CURRENT_TIMESTAMP COMMENT '配置最后更新时间，自动更新时间戳',
  PRIMARY KEY (`id`),
  UNIQUE KEY `config_key` (`config_key`),
  UNIQUE KEY `idx_config_key` (`config_key`)
) ENGINE=InnoDB DEFAULT CHARSET=utf8mb4 COLLATE=utf8mb4_bin COMMENT='系统配置表，存储系统的各种配置参数和运行时设置';

LOCK TABLES `system_configs` WRITE;
/*!40000 ALTER TABLE `system_configs` DISABLE KEYS */;

INSERT INTO `system_configs` (`id`, `config_key`, `config_value`, `description`, `created_at`, `updated_at`)
VALUES
	(2,X'6D61785F6C6F67696E5F617474656D707473',X'35',X'E69C80E5A4A7E799BBE5BD95E5B09DE8AF95E6ACA1E695B0','2025-11-23 16:06:04','2025-11-23 16:06:04'),
	(3,X'6163636F756E745F6C6F636B5F6475726174696F6E',X'31383030',X'E8B4A6E688B7E99481E5AE9AE697B6E997B4EFBC88E7A792EFBC89','2025-11-23 16:06:04','2025-11-23 16:06:04'),
	(4,X'746F6B656E5F6578706972655F74696D65',X'3836343030',X'546F6B656EE8BF87E69C9FE697B6E997B4EFBC88E7A792EFBC89','2025-11-23 16:06:04','2025-11-23 16:06:04'),
	(5,X'6D696E5F70617373776F72645F6C656E677468',X'38',X'E69C80E5B08FE5AF86E7A081E995BFE5BAA6','2025-11-23 16:06:04','2025-11-23 16:06:04'),
	(6,X'77697468647261775F6D696E5F616D6F756E74',X'31302E30',X'E69C80E5B08FE68F90E78EB0E98791E9A29DEFBC8855534454EFBC89','2025-11-23 16:06:04','2025-11-23 16:06:04'),
	(7,X'65786368616E67655F6665655F72617465',X'302E303035',X'E58591E68DA2E6898BE7BBADE8B4B9E78E87','2025-11-23 16:06:04','2025-11-23 16:06:04'),
	(8,X'737570706F727465645F626C6F636B636861696E73',X'5B7B22636F6465223A20225452433230222C20226E616D65223A20225452433230202854524F4E29222C2022666565223A20312E302C20226D696E416D6F756E74223A2031302E302C20226D6178416D6F756E74223A203130303030302E302C202269636F6E223A202274726F6E222C2022636F6E6669726D6174696F6E54696D65223A202235E58886E9929F222C20226973417661696C61626C65223A20747275657D2C207B22636F6465223A20224552433230222C20226E616D65223A202245524332302028457468657265756D29222C2022666565223A20352E302C20226D696E416D6F756E74223A2031302E302C20226D6178416D6F756E74223A203130303030302E302C202269636F6E223A2022657468657265756D222C2022636F6E6669726D6174696F6E54696D65223A20223135E58886E9929F222C20226973417661696C61626C65223A2066616C73657D5D',X'E694AFE68C81E79A84E58CBAE59D97E993BEE7B1BBE59E8B','2025-11-23 16:06:04','2025-11-23 16:06:04'),
	(9,X'737570706F727465645F63757272656E63696573',X'5B7B2273796D626F6C223A20224254432F55534454222C20226261736543757272656E6379223A2022425443222C202271756F746543757272656E6379223A202255534454222C2022707265636973696F6E223A20322C2022737570706F7274656454696D6552616E676573223A205B22316D222C2022356D222C202231356D222C202233306D222C20223168222C20223468222C20223164222C20223177225D2C20226973416374697665223A20747275652C20226D696E5472616465416D6F756E74223A20302E303030312C20226D61785472616465416D6F756E74223A203130307D2C207B2273796D626F6C223A20224554482F55534454222C20226261736543757272656E6379223A2022455448222C202271756F746543757272656E6379223A202255534454222C2022707265636973696F6E223A20322C2022737570706F7274656454696D6552616E676573223A205B22316D222C2022356D222C202231356D222C202233306D222C20223168222C20223468222C20223164222C20223177225D2C20226973416374697665223A20747275652C20226D696E5472616465416D6F756E74223A20302E3030312C20226D61785472616465416D6F756E74223A20313030307D5D',X'E694AFE68C81E79A84E8B4A7E5B881E5AFB9','2025-11-23 16:06:04','2025-11-23 16:06:04'),
	(10,X'61626F75745F75735F696E666F',X'7B22656D61696C223A2022737570706F7274406173747261692E636F6D222C202270686F6E65223A20223430302D3132332D34353637222C202277656273697465223A20227777772E6173747261692E636F6D222C202261646472657373223A2022E696B0E58AA0E59DA1E7A791E68A80E59BAD222C202276657273696F6E223A2022312E302E30222C202276657273696F6E546167223A20224C6174657374222C2022636F70797269676874223A2022C2A920323032352041737472612041692E20416C6C207269676874732072657365727665642E222C2022646973636C61696D6572223A2022E68A95E8B584E69C89E9A38EE999A9EFBC8CE585A5E5B882E99C80E8B0A8E6858E222C20226170704465736372697074696F6E223A20224173747261204169E698AFE4B880E6ACBEE59FBAE4BA8E4149E68A80E69CAFE79A84E7AE97E58A9BE68C96E79FBFE5BA94E794A8EFBC8CE4B8BAE794A8E688B7E68F90E4BE9BE7A8B3E5AE9AE9AB98E69588E79A84E695B0E5AD97E8B4A7E5B881E68C96E79FBFE69C8DE58AA1E38082227D',X'E585B3E4BA8EE68891E4BBACE4BFA1E681AF','2025-11-23 16:06:04','2025-11-23 16:06:04'),
	(29,X'626C6F636B636861696E',X'7B225452433230223A2254525837343264333543633636333443303533323932356133623834344263343534653434333866333365227D',X'636861696E','2025-11-28 23:02:14','2025-11-28 23:02:52'),
	(30,X'77656C636F6D655F626F6E7573',X'7B22756E6974223A202255534454222C2022616D6F756E74223A2031307D',X'E696B0E6898BE7A68FE588A9','2025-11-30 10:09:18','2025-11-30 10:09:18'),
	(31,X'757067726164655F70726F6772657373',X'5B7B227265636861726765223A20313030302C20226C76223A317D2C7B227265636861726765223A20313530302C20226C76223A327D5D',X'E58D87E7BAA7E8AEBEE7BDAE','2025-11-30 19:48:57','2025-11-30 20:29:18');

/*!40000 ALTER TABLE `system_configs` ENABLE KEYS */;
UNLOCK TABLES;


# 转储表 transactions
# ------------------------------------------------------------

DROP TABLE IF EXISTS `transactions`;

CREATE TABLE `transactions` (
  `id` bigint unsigned NOT NULL AUTO_INCREMENT COMMENT '交易记录ID，主键',
  `user_id` bigint unsigned NOT NULL COMMENT '用户ID，外键关联users表',
  `transaction_id` varchar(64) COLLATE utf8mb4_bin NOT NULL COMMENT '交易唯一标识，系统生成的交易ID，唯一索引',
  `types` enum('withdraw','exchange','purchase','cancel_purchase','airdrop','referral','mining_earning','welcome') CHARACTER SET utf8mb4 COLLATE utf8mb4_bin NOT NULL COMMENT '交易类型：提现/兑换/购买/撤消购买/空投/邀请/挖矿收益/新手福利',
  `from_currency` varchar(20) CHARACTER SET utf8mb4 COLLATE utf8mb4_bin NOT NULL DEFAULT '' COMMENT '源货币代码，兑换交易的转出货币，如BTC、USDT等',
  `to_currency` varchar(20) CHARACTER SET utf8mb4 COLLATE utf8mb4_bin NOT NULL DEFAULT '' COMMENT '目标货币代码，兑换交易的转入货币，如ETH、DG等',
  `amount` decimal(20,8) NOT NULL COMMENT '交易金额，8位小数精度，交易的主要数值',
  `fee` decimal(20,8) NOT NULL DEFAULT '0.00000000' COMMENT '交易手续费，8位小数精度，平台收取的服务费用',
  `exchange_rate` decimal(20,8) NOT NULL DEFAULT '0.00000000' COMMENT '兑换汇率，用于币种兑换交易，表示两个货币之间的兑换比例',
  `blockchain_type` varchar(20) CHARACTER SET utf8mb4 COLLATE utf8mb4_bin NOT NULL DEFAULT 'TRC20' COMMENT '区块链类型，如TRC20、ERC20等，用于链上交易',
  `from_address` varchar(255) CHARACTER SET utf8mb4 COLLATE utf8mb4_bin NOT NULL DEFAULT '' COMMENT '转出地址，充值或提现的区块链钱包地址',
  `to_address` varchar(255) CHARACTER SET utf8mb4 COLLATE utf8mb4_bin NOT NULL DEFAULT '' COMMENT '转入地址，充值或提现的区块链钱包地址',
  `description` varchar(2000) CHARACTER SET utf8mb4 COLLATE utf8mb4_bin NOT NULL DEFAULT '' COMMENT '交易描述，用户友好的交易说明',
  `metadata` json DEFAULT NULL COMMENT '交易元数据JSON，存储额外的交易相关信息',
  `created_at` timestamp NOT NULL DEFAULT CURRENT_TIMESTAMP COMMENT '交易创建时间，自动创建时间戳',
  `updated_at` timestamp NOT NULL DEFAULT CURRENT_TIMESTAMP ON UPDATE CURRENT_TIMESTAMP COMMENT '交易最后更新时间，自动更新时间戳',
  `completed_at` timestamp NULL DEFAULT NULL COMMENT '交易完成时间，null表示未完成',
  `status` enum('pending','processing','completed','failed','cancelled') COLLATE utf8mb4_bin NOT NULL DEFAULT 'pending' COMMENT '''交易状态：pending待处理/processing处理中/completed已完成/failed失败/cancelled已取消'',',
  PRIMARY KEY (`id`),
  UNIQUE KEY `transaction_id` (`transaction_id`),
  UNIQUE KEY `idx_transaction_id` (`transaction_id`),
  KEY `idx_user_id` (`user_id`),
  KEY `idx_type` (`types`),
  KEY `idx_currency` (`from_currency`,`to_currency`),
  KEY `idx_created_at` (`created_at`)
) ENGINE=InnoDB DEFAULT CHARSET=utf8mb4 COLLATE=utf8mb4_bin COMMENT='交易记录表';

LOCK TABLES `transactions` WRITE;
/*!40000 ALTER TABLE `transactions` DISABLE KEYS */;

INSERT INTO `transactions` (`id`, `user_id`, `transaction_id`, `types`, `from_currency`, `to_currency`, `amount`, `fee`, `exchange_rate`, `blockchain_type`, `from_address`, `to_address`, `description`, `metadata`, `created_at`, `updated_at`, `completed_at`, `status`)
VALUES
	(1,3,X'54323032353131333037343030373337363535333731323036363537',X'7075726368617365',X'',X'',1000.00000000,0.00000000,0.00000000,X'',X'',X'',X'E8B4ADE4B9B0E7AE97E58A9BE58C85E58585E580BC',NULL,'2025-11-30 11:29:17','2025-11-30 11:29:17',NULL,X'636F6D706C65746564'),
	(2,3,X'54323032353131333037343030373338303036363032323233363136',X'7075726368617365',X'',X'',-500.00000000,0.00000000,0.00000000,X'',X'',X'',X'E4BD99E9A29DE694AFE4BB98E8B4ADE4B9B0E7AE97E58A9BE58C85',NULL,'2025-11-30 11:30:40','2025-11-30 11:30:40',NULL,X'636F6D706C65746564'),
	(3,3,X'54323032353131333037343030373338323937393432373733373630',X'7075726368617365',X'',X'',500.00000000,0.00000000,0.00000000,X'',X'',X'',X'E8B4ADE4B9B0E7AE97E58A9BE58C85E58585E580BC',NULL,'2025-11-30 11:31:49','2025-11-30 11:31:49',NULL,X'636F6D706C65746564'),
	(4,3,X'54323032353131333037343030373339343633393834343531353834',X'77656C636F6D65',X'',X'',10.00000000,0.00000000,0.00000000,X'',X'',X'',X'E9A286E58F96E696B0E6898BE7A68FE588A9',NULL,'2025-11-30 11:36:27','2025-11-30 11:36:27',NULL,X'636F6D706C65746564'),
	(5,3,X'54323032353131333037343030373936373532353331353538343030',X'7075726368617365',X'',X'',-1000.00000000,0.00000000,0.00000000,X'',X'',X'',X'E4BD99E9A29DE694AFE4BB98E8B4ADE4B9B0E7AE97E58A9BE58C85',NULL,'2025-11-30 15:24:06','2025-11-30 15:24:06',NULL,X'636F6D706C65746564'),
	(6,3,X'54323032353131333037343030373937353430363439363638363038',X'7075726368617365',X'',X'',-1000.00000000,0.00000000,0.00000000,X'',X'',X'',X'E4BD99E9A29DE694AFE4BB98E8B4ADE4B9B0E7AE97E58A9BE58C85',NULL,'2025-11-30 15:27:14','2025-11-30 15:27:14',NULL,X'636F6D706C65746564'),
	(7,3,X'54323032353131333037343030373938363934333732363735353834',X'7075726368617365',X'',X'',-510.00000000,0.00000000,0.00000000,X'',X'',X'',X'E4BD99E9A29DE694AFE4BB98E8B4ADE4B9B0E7AE97E58A9BE58C85',NULL,'2025-11-30 15:31:49','2025-11-30 15:31:49',NULL,X'636F6D706C65746564'),
	(8,3,X'54323032353131333037343030383030353239393235393335313035',X'7075726368617365',X'',X'',490.00000000,0.00000000,0.00000000,X'',X'',X'',X'',NULL,'2025-11-30 15:39:07','2025-11-30 15:39:07',NULL,X'636F6D706C65746564'),
	(9,1,X'54323032353131333037343030383039363932353239383233373435',X'7075726368617365',X'',X'',100.00000000,0.00000000,0.00000000,X'',X'',X'',X'',NULL,'2025-11-30 16:15:31','2025-11-30 16:15:31',NULL,X'636F6D706C65746564'),
	(10,0,X'54323032353131333037343030383039363932353239383233373436',X'7075726368617365',X'',X'',50.00000000,0.00000000,0.00000000,X'',X'',X'',X'',NULL,'2025-11-30 16:15:31','2025-11-30 16:15:31',NULL,X'636F6D706C65746564'),
	(11,3,X'54323032353131333037343030383039363932353239383233373437',X'7075726368617365',X'',X'',1000.00000000,0.00000000,0.00000000,X'',X'',X'',X'',NULL,'2025-11-30 16:15:31','2025-11-30 16:15:31',NULL,X'636F6D706C65746564'),
	(12,1,X'54323032353131333037343030383733333735343036363234373638',X'7075726368617365',X'',X'',1000.00000000,0.00000000,0.00000000,X'',X'',X'',X'',NULL,'2025-11-30 20:28:34','2025-11-30 20:28:34',NULL,X'636F6D706C65746564'),
	(13,3,X'54323032353131333037343030383733333735343036363234373639',X'7075726368617365',X'',X'',1000.00000000,0.00000000,0.00000000,X'',X'',X'',X'',NULL,'2025-11-30 20:28:34','2025-11-30 20:28:34',NULL,X'636F6D706C65746564');

/*!40000 ALTER TABLE `transactions` ENABLE KEYS */;
UNLOCK TABLES;


# 转储表 user_power
# ------------------------------------------------------------

DROP TABLE IF EXISTS `user_power`;

CREATE TABLE `user_power` (
  `id` bigint unsigned NOT NULL AUTO_INCREMENT COMMENT '算力记录ID，主键',
  `user_id` bigint unsigned NOT NULL COMMENT '用户ID，外键关联users表',
  `power_package_id` bigint unsigned NOT NULL COMMENT '算力包ID，外键关联power_packages表',
  `lv` smallint NOT NULL DEFAULT '1' COMMENT '算力等级',
  `daily_yield_percentage` decimal(10,4) NOT NULL COMMENT '收益率百分比，表示每日收益的百分比，如0.5表示日收益率0.5%',
  `order_id` varchar(50) COLLATE utf8mb4_bin NOT NULL COMMENT '关联的订单ID，外键关联orders表，null表示非订单购买',
  `types` smallint NOT NULL COMMENT '1 赠送or0 购买',
  `amount` decimal(20,8) NOT NULL COMMENT '算力包价格，8位小数精度',
  `start_time` timestamp NULL DEFAULT NULL COMMENT '算力开始生效时间',
  `status` smallint NOT NULL COMMENT '0 no-pay 1 active, 2 cancelled, 3 upgrade',
  `earnings` decimal(20,8) NOT NULL DEFAULT '0.00000000' COMMENT '累计收益金额，8位小数精度',
  `created_at` timestamp NOT NULL DEFAULT CURRENT_TIMESTAMP COMMENT '算力记录创建时间，自动创建时间戳',
  `updated_at` timestamp NOT NULL DEFAULT CURRENT_TIMESTAMP ON UPDATE CURRENT_TIMESTAMP COMMENT '算力记录最后更新时间，自动更新时间戳',
  PRIMARY KEY (`id`),
  KEY `idx_user_id` (`user_id`),
  KEY `idx_power_package_id` (`power_package_id`),
  KEY `idx_order_id` (`order_id`),
  KEY `idx_start_time` (`start_time`)
) ENGINE=InnoDB DEFAULT CHARSET=utf8mb4 COLLATE=utf8mb4_bin COMMENT='用户算力记录表，记录用户购买的算力包使用情况和收益';

LOCK TABLES `user_power` WRITE;
/*!40000 ALTER TABLE `user_power` DISABLE KEYS */;

INSERT INTO `user_power` (`id`, `user_id`, `power_package_id`, `lv`, `daily_yield_percentage`, `order_id`, `types`, `amount`, `start_time`, `status`, `earnings`, `created_at`, `updated_at`)
VALUES
	(1,3,1,1,1.0000,X'4F323032353131333037343030373333383833323430363831343733',0,1000.00000000,NULL,1,0.00000000,'2025-11-30 11:14:16','2025-11-30 11:29:14'),
	(2,3,1,1,1.0000,X'4F323032353131333037343030373338303036353839363430373034',0,1000.00000000,'2025-11-30 16:21:58',1,0.00000000,'2025-11-30 11:30:39','2025-11-30 16:21:58'),
	(3,3,1,1,1.0000,X'4F323032353131333037343030373936373532353130353836383831',0,1000.00000000,NULL,1,0.00000000,'2025-11-30 15:24:05','2025-11-30 15:24:05'),
	(4,3,1,1,1.0000,X'4F323032353131333037343030373937353430363337303835363937',0,1000.00000000,NULL,1,0.00000000,'2025-11-30 15:27:13','2025-11-30 15:27:13'),
	(5,3,1,1,1.0000,X'4F323032353131333037343030373938363934333630303932363733',0,1000.00000000,NULL,1,0.00000000,'2025-11-30 15:31:48','2025-11-30 15:39:07'),
	(6,3,1,1,1.0000,X'4F323032353131333037343030383036373334353531343533363937',0,1000.00000000,NULL,1,0.00000000,'2025-11-30 16:03:45','2025-11-30 16:15:31'),
	(7,3,1,1,1.0000,X'4F323032353131333037343030383733333435363331323630363733',0,1000.00000000,NULL,1,0.00000000,'2025-11-30 20:28:27','2025-11-30 20:28:34');

/*!40000 ALTER TABLE `user_power` ENABLE KEYS */;
UNLOCK TABLES;


# 转储表 user_power_record
# ------------------------------------------------------------

DROP TABLE IF EXISTS `user_power_record`;

CREATE TABLE `user_power_record` (
  `id` bigint unsigned NOT NULL AUTO_INCREMENT,
  `user_id` bigint unsigned NOT NULL,
  `power_package_id` bigint unsigned NOT NULL,
  `user_power_id` bigint NOT NULL DEFAULT '0',
  `lv` tinyint NOT NULL DEFAULT '1',
  `daily_yield_percentage` decimal(10,4) NOT NULL,
  `close_price` decimal(20,8) NOT NULL,
  `package_amount` decimal(20,8) NOT NULL,
  `amount` decimal(20,8) NOT NULL,
  `created_at` date NOT NULL,
  PRIMARY KEY (`id`),
  UNIQUE KEY `date` (`created_at`,`user_id`,`user_power_id`)
) ENGINE=InnoDB DEFAULT CHARSET=utf8mb4 COLLATE=utf8mb4_bin COMMENT='用户算力记录表，记录用户购买的算力包使用情况和收益';

LOCK TABLES `user_power_record` WRITE;
/*!40000 ALTER TABLE `user_power_record` DISABLE KEYS */;

INSERT INTO `user_power_record` (`id`, `user_id`, `power_package_id`, `user_power_id`, `lv`, `daily_yield_percentage`, `close_price`, `package_amount`, `amount`, `created_at`)
VALUES
	(7,3,1,2,1,1.0000,2.00000000,1000.00000000,500.00000000,'2025-11-30');

/*!40000 ALTER TABLE `user_power_record` ENABLE KEYS */;
UNLOCK TABLES;


# 转储表 user_security_questions
# ------------------------------------------------------------

DROP TABLE IF EXISTS `user_security_questions`;

CREATE TABLE `user_security_questions` (
  `id` bigint unsigned NOT NULL AUTO_INCREMENT COMMENT '安全问题记录ID，主键',
  `user_id` bigint unsigned NOT NULL COMMENT '用户ID，外键关联users表',
  `question_id` smallint unsigned NOT NULL COMMENT '安全问题ID，对应系统预定义的问题列表',
  `answer_hash` varchar(255) COLLATE utf8mb4_bin NOT NULL COMMENT '问题答案的哈希值，使用bcrypt加密',
  `created_at` timestamp NOT NULL DEFAULT CURRENT_TIMESTAMP COMMENT '安全问题设置时间，自动创建时间戳',
  `updated_at` timestamp NOT NULL DEFAULT CURRENT_TIMESTAMP ON UPDATE CURRENT_TIMESTAMP COMMENT '安全问题最后更新时间，自动更新时间戳',
  PRIMARY KEY (`id`),
  UNIQUE KEY `idx_user_question` (`user_id`,`question_id`),
  KEY `idx_user_id` (`user_id`)
) ENGINE=InnoDB DEFAULT CHARSET=utf8mb4 COLLATE=utf8mb4_bin COMMENT='用户安全问题表，存储用户设置的密保问题和答案';

LOCK TABLES `user_security_questions` WRITE;
/*!40000 ALTER TABLE `user_security_questions` DISABLE KEYS */;

INSERT INTO `user_security_questions` (`id`, `user_id`, `question_id`, `answer_hash`, `created_at`, `updated_at`)
VALUES
	(1,3,1,X'24326224313224626D3535414E2E7851366B536C334557556E5237662E6D454C756D33417A52535A695671534F2E7872777234717261653173773843','2025-11-27 19:34:19','2025-12-03 23:38:14'),
	(2,3,2,X'243262243132244B387A3030366C426B686868582E37646244517347655838365A6E6F7A384D3072494445432F35506C636C3858596C4267714C4F2E','2025-11-27 19:34:19','2025-12-03 23:38:14'),
	(10,3,3,X'24326224313224797A7A437842427479385035702E43795455474D4E2E736279666B31363264486535666E5569736A7949537870713454316656712E','2025-12-03 21:31:30','2025-12-03 21:31:30'),
	(11,3,4,X'24326224313224524D4F4A6A7A6D5866694C704344627044476C337475777168534A474363666337753132416D2E3567664874617532366E39573053','2025-12-03 21:31:30','2025-12-03 21:31:30');

/*!40000 ALTER TABLE `user_security_questions` ENABLE KEYS */;
UNLOCK TABLES;


# 转储表 users
# ------------------------------------------------------------

DROP TABLE IF EXISTS `users`;

CREATE TABLE `users` (
  `id` bigint unsigned NOT NULL AUTO_INCREMENT COMMENT '用户唯一标识ID，主键',
  `username` varchar(50) COLLATE utf8mb4_bin NOT NULL COMMENT '用户名，唯一索引，用于登录',
  `password_hash` varchar(255) COLLATE utf8mb4_bin NOT NULL COMMENT '用户密码的哈希值，使用bcrypt加密',
  `user_level` tinyint unsigned NOT NULL DEFAULT '0' COMMENT '用户等级，0-5级对应LV.0-LV.5',
  `upgrade_progress` int NOT NULL DEFAULT '0' COMMENT '升级进度',
  `invite_code` varchar(20) COLLATE utf8mb4_bin NOT NULL COMMENT '用户邀请码，用于邀请好友注册',
  `parent_inviter_id` bigint unsigned NOT NULL DEFAULT '0' COMMENT '邀请人的用户ID的上级，外键关联users表',
  `inviter_id` bigint unsigned NOT NULL COMMENT '邀请人的用户ID，外键关联users表',
  `total_assets` decimal(20,8) NOT NULL DEFAULT '0.00000000' COMMENT '用户总资产价值（USDT计价），8位小数精度',
  `dg_amount` decimal(20,8) NOT NULL DEFAULT '0.00000000' COMMENT '用户DG代币余额，8位小数精度',
  `is_kyc_verified` tinyint(1) NOT NULL DEFAULT '0' COMMENT 'KYC认证状态，true=已认证，false=未认证',
  `has_security_questions` tinyint(1) NOT NULL DEFAULT '0' COMMENT '是否设置密保问题，true=已设置，false=未设置',
  `is_active` tinyint(1) NOT NULL DEFAULT '1' COMMENT '账户激活状态，true=正常，false=禁用',
  `is_locked` tinyint(1) NOT NULL DEFAULT '0' COMMENT '账户锁定状态，true=锁定，false=正常',
  `login_attempts` tinyint unsigned NOT NULL DEFAULT '0' COMMENT '登录失败次数，超过阈值将锁定账户',
  `locked_until` timestamp NULL DEFAULT NULL COMMENT '账户锁定到期时间，null表示未锁定或永久锁定',
  `qr_code_url` varchar(500) COLLATE utf8mb4_bin DEFAULT NULL COMMENT '用户二维码图片URL地址，用于邀请和收款',
  `created_at` timestamp NOT NULL DEFAULT CURRENT_TIMESTAMP COMMENT '用户注册时间，自动创建时间戳',
  `updated_at` timestamp NOT NULL DEFAULT CURRENT_TIMESTAMP ON UPDATE CURRENT_TIMESTAMP COMMENT '用户信息最后更新时间，自动更新时间戳',
  `last_login_at` timestamp NULL DEFAULT NULL COMMENT '用户最后登录时间，null表示从未登录',
  PRIMARY KEY (`id`),
  UNIQUE KEY `username` (`username`),
  UNIQUE KEY `invite_code` (`invite_code`),
  UNIQUE KEY `idx_username` (`username`),
  UNIQUE KEY `idx_invite_code` (`invite_code`),
  KEY `idx_inviter_id` (`inviter_id`),
  KEY `idx_user_level` (`user_level`),
  KEY `idx_is_active` (`is_active`),
  KEY `idx_created_at` (`created_at`)
) ENGINE=InnoDB DEFAULT CHARSET=utf8mb4 COLLATE=utf8mb4_bin COMMENT='用户基本信息表';

LOCK TABLES `users` WRITE;
/*!40000 ALTER TABLE `users` DISABLE KEYS */;

INSERT INTO `users` (`id`, `username`, `password_hash`, `user_level`, `upgrade_progress`, `invite_code`, `parent_inviter_id`, `inviter_id`, `total_assets`, `dg_amount`, `is_kyc_verified`, `has_security_questions`, `is_active`, `is_locked`, `login_attempts`, `locked_until`, `qr_code_url`, `created_at`, `updated_at`, `last_login_at`)
VALUES
	(1,X'61646D696E',X'243262243132244741486A2F634931684175324E524C4F53375064597554724B55363950557152694979637A6F754E78787764774235646133536B79',5,0,X'3031324438344141',0,1,100.00000000,0.00000000,0,0,1,0,0,NULL,X'313131','2025-11-26 19:47:13','2025-11-30 19:36:40',NULL),
	(2,X'746573745F75736572',X'243262243132244741486A2F634931684175324E524C4F53375064597554724B55363950557152694979637A6F754E78787764774235646133536B79',0,0,X'3031323964344141',0,1,0.00000000,0.00000000,0,0,1,0,0,NULL,X'68747470733A2F2F6170692E6578616D706C652E636F6D2F7172636F64652F3031324438344141','2025-11-26 20:22:17','2025-11-30 19:36:41',NULL),
	(3,X'74657374',X'24326224313224524E74336165374739346F4E336C4E2F4E63746B337568746E576F374B624F417A4F5A777A54456E48687A593370364F4F6B633479',1,1000,X'3035443541343244',0,1,0.00000000,0.00000000,0,1,1,0,0,NULL,X'68747470733A2F2F6170692E6578616D706C652E636F6D2F7172636F64652F3035443541343244','2025-11-26 21:35:23','2025-12-03 23:38:14','2025-11-26 22:00:23'),
	(4,X'746573745F757365723131',X'243262243132246D464D336D626B564F2F4E4C673865597872326149656955306D544F596C4A50334E4E784A626775342F3942734844512E57683743',0,0,X'3031434133303037',0,3,0.00000000,0.00000000,0,0,1,0,0,NULL,X'68747470733A2F2F6170692E6578616D706C652E636F6D2F7172636F64652F3031434133303037','2025-11-30 11:49:20','2025-11-30 19:36:43',NULL),
	(5,X'746573745F7573657231313131',X'243262243132247537454F61484B55524839695A5442694455577241653444326569367773354A7941714A79775950344E34696846784B7376765A75',0,0,X'3031443539363638',0,4,0.00000000,0.00000000,0,0,1,0,0,NULL,X'68747470733A2F2F6170692E6578616D706C652E636F6D2F7172636F64652F3031443539363638','2025-11-30 11:49:42','2025-11-30 19:36:44',NULL),
	(6,X'746573745F757365723131313131',X'24326224313224507A2E74323257376F77666E773939616B56756D546562337848486B622E37674F6453384F2E75723966685A383245724738573879',0,0,X'3033323644454142',3,4,0.00000000,0.00000000,0,0,1,0,0,NULL,X'68747470733A2F2F6170692E6578616D706C652E636F6D2F7172636F64652F3033323644454142','2025-11-30 11:51:15','2025-11-30 19:36:46',NULL),
	(7,X'746573745F7573657231313131313131',X'24326224313224647638706A4B313151774F4E6E6D6A79317A43356A4F33692F4542474D3364654D7146527754746B36735461785A2F54536671542E',0,0,X'3030373241424230',4,6,0.00000000,0.00000000,0,0,1,0,0,NULL,X'68747470733A2F2F6170692E6578616D706C652E636F6D2F7172636F64652F3030373241424230','2025-11-30 11:51:35','2025-11-30 19:36:46',NULL),
	(8,X'746573745F757365723131313131313132',X'24326224313224745342364E4D48433031796C73766B4143645664634F6659346B624E576A372E4B79476C684F434D6D5A50515059686A4B54343665',0,0,X'3030353434333637',4,6,0.00000000,0.00000000,0,0,1,0,0,NULL,X'6173736574732F687474703A2F2F6C6F63616C686F73743A333030302F6173736574732F7172636F64652F30303534343336372E706E67','2025-11-30 14:20:55','2025-11-30 19:36:47',NULL),
	(9,X'746573745F757365723131313131313133',X'243262243132246167486B69356B2F2F344C7536696B5775474E7A674F486255566F4B742E7948674C4A57553445774A4367354B5171385433385257',0,0,X'3031464235413939',4,6,0.00000000,0.00000000,0,0,1,0,0,NULL,X'6173736574732F2F6173736574732F7172636F64652F30314642354139392E706E67','2025-11-30 14:22:04','2025-11-30 19:36:48',NULL),
	(10,X'746573745F757365723131313131313134',X'243262243132246B647669716D4C4F5674572F3734336F506A3938702E74496B446A794C457473695A6966633130424A79534148477034396E77384B',0,0,X'3031313333324246',4,6,0.00000000,0.00000000,0,0,1,0,0,NULL,X'6173736574732F7172636F64652F30313133333242462E706E67','2025-11-30 14:23:07','2025-11-30 19:36:49',NULL);

/*!40000 ALTER TABLE `users` ENABLE KEYS */;
UNLOCK TABLES;



/*!40111 SET SQL_NOTES=@OLD_SQL_NOTES */;
/*!40101 SET SQL_MODE=@OLD_SQL_MODE */;
/*!40014 SET FOREIGN_KEY_CHECKS=@OLD_FOREIGN_KEY_CHECKS */;
/*!40101 SET CHARACTER_SET_CLIENT=@OLD_CHARACTER_SET_CLIENT */;
/*!40101 SET CHARACTER_SET_RESULTS=@OLD_CHARACTER_SET_RESULTS */;
/*!40101 SET COLLATION_CONNECTION=@OLD_COLLATION_CONNECTION */;
